{"cameraMode":{"drawMode":0,"name":"Shaded","section":"Shading Mode"},"sceneLighting":false,"audioPlay":false,"sceneViewState":{"showFog":true,"showMaterialUpdate":false,"showSkybox":false,"showFlares":true,"showImageEffects":true,"showParticleSystems":true},"in2DMode":false,"pivot":{"x":4.405756950378418,"y":-2.2416419982910158,"z":9.623011589050293},"rotation":{"x":-0.3551862835884094,"y":0.6366216540336609,"z":-0.4159323573112488,"w":-0.5436570048332214},"size":4.137707233428955,"orthographic":false}