{"cameraMode":{"drawMode":0,"name":"Shaded","section":"Shading Mode"},"sceneLighting":false,"audioPlay":false,"sceneViewState":{"showFog":true,"showMaterialUpdate":false,"showSkybox":false,"showFlares":true,"showImageEffects":true,"showParticleSystems":true},"in2DMode":false,"pivot":{"x":5.960464477539063e-8,"y":0.0,"z":-5.960464477539063e-8},"rotation":{"x":-0.20803238451480866,"y":-0.1813129484653473,"z":0.039234478026628497,"w":-0.9603853225708008},"size":0.6442050337791443,"orthographic":false}