{"cameraMode":{"drawMode":0,"name":"Shaded","section":"Shading Mode"},"sceneLighting":false,"audioPlay":false,"sceneViewState":{"showFog":true,"showMaterialUpdate":false,"showSkybox":false,"showFlares":true,"showImageEffects":true,"showParticleSystems":true},"in2DMode":false,"pivot":{"x":19.36279296875,"y":20.05718231201172,"z":112.08537292480469},"rotation":{"x":0.013645035214722157,"y":0.9833683967590332,"z":-0.16102436184883119,"w":0.08308964222669602},"size":42.106300354003909,"orthographic":false}